id,question,correct_answer,model_response_correct_first,model_response_wrong_first,correct_doc_first_accuracy,wrong_doc_first_accuracy
online_market_privilege_determination_001,Can a user with 7 purchases on their account combine shipments?,No,"No, a user with 7 purchases cannot combine shipments because they do not meet the minimum requirement of 10 purchases as stated in Document 1.","No, a user with 7 purchases cannot combine shipments because the requirement is to have completed at least 10 purchases.",True,True
online_market_privilege_determination_002,Is a user with 90 days of account age eligible to bid on restricted items?,No,"No, a user with 90 days of account age is not eligible to bid on restricted items because the requirement is at least 180 days according to Document 1.","No, a user with 90 days of account age is not eligible to bid on restricted items because the requirement is at least 180 days according to Document 2.",True,True
online_market_privilege_determination_003,Can a user with a seller rating of 12 access bulk listing tools?,No,"No, a user with a seller rating of 12 cannot access bulk listing tools because the minimum required seller rating is 25 according to Document 1.","No, a user with a seller rating of 12 cannot access bulk listing tools because the minimum required seller rating is 25.",True,True
online_market_privilege_determination_004,Is a user with 3 disputes in the last 6 months allowed to use fixed-price listings?,No,"No, a user with 3 disputes in the last 6 months is not allowed to use fixed-price listings because they exceed the limit set in Document 1.","No, a user with 3 disputes in the last 6 months is not allowed to use fixed-price listings according to Document 2, which states that users with more than 2 disputes are prohibited from using them.",True,True
online_market_privilege_determination_005,Can a user who joined 40 days ago leave seller feedback?,Yes,"No, a user who joined 40 days ago cannot leave seller feedback because the requirement is an account age of at least 60 days.","No, because the user does not meet the required account age of at least 60 days as stated in Document 1.",False,False
online_market_privilege_determination_006,Can an unverified user with 20 purchases combine shipments?,No,"Yes, an unverified user with 20 purchases can combine shipments because account verification is not required according to Document 2.","No, an unverified user cannot combine shipments because a verified account is required according to Document 2.",False,True
online_market_privilege_determination_007,Is a verified user with a suspended payment method eligible for express checkout?,No,"No, a verified user with a suspended payment method is not eligible for express checkout because an active payment method is required in addition to a verified account.","No, a verified user with a suspended payment method is not eligible for express checkout because an active payment method is also required.",True,True
online_market_privilege_determination_008,Can a user with a verified account but no purchase history bid on high-value items?,No,"No, a user with a verified account but no purchase history cannot bid on high-value items, as Document 1 specifies that at least 5 completed purchases are required.","No, a user with a verified account but no purchase history cannot bid on high-value items, as at least 5 completed purchases are required.",True,True
online_market_privilege_determination_009,Is a user with an unverified email but 15 purchases allowed to sell internationally?,No,"No, a user with an unverified email is not allowed to sell internationally because a verified email address is required.","No, a user with an unverified email is not allowed to sell internationally, as a verified email address is a requirement.",True,True
online_market_privilege_determination_010,"Can a user with a verified account, 20 purchases, and no disputes access sponsored listings?",Yes,"Yes, a user with a verified account, 20 purchases, and no disputes can access sponsored listings, as they meet the criteria outlined in both documents.","Yes, a user with a verified account, 20 purchases, and no disputes can access sponsored listings.",True,True
online_market_privilege_determination_011,Can a standard user download transaction reports in bulk?,No,"No, a standard user cannot download transaction reports in bulk because bulk transaction report downloads are restricted to premium Seller accounts only.","No, a standard user cannot download transaction reports in bulk because bulk transaction report downloads are restricted to premium Seller accounts only.",True,True
online_market_privilege_determination_012,Is a buyer with no seller history allowed to create a storefront?,No,"Yes, a buyer with no seller history is allowed to create a storefront because any registered user can create a storefront regardless of their seller history.","No, a buyer with no seller history is not allowed to create a storefront because creating a storefront requires at least 1 completed sale as a seller.",False,True
online_market_privilege_determination_013,Can a user with a 30-day-old account and 8 purchases use the backup buyer offer feature?,No,"No, a user with a 30-day-old account and 8 purchases cannot use the backup buyer offer feature because the requirement is at least 10 completed purchases.","No, a user with a 30-day-old account and 8 purchases cannot use the backup buyer offer feature because the requirements are an account age of at least 90 days and 10 completed purchases.",True,True
online_market_privilege_determination_014,Is a user eligible for fee discounts if they have been a member for 2 years but have a feedback score of 8?,No,"No, a user is not eligible for fee discounts because they do not meet the requirement of having a feedback score of at least 20.","No, because the feedback score of 8 does not meet the requirement of at least 20 as stated in Document 2.",True,True
online_market_privilege_determination_015,"Can a user with a verified account, 2-year membership, and feedback score of 30 access early sale promotions?",Yes,"No, a user with a verified account, 2-year membership, and feedback score of 30 cannot access early sale promotions because the requirement is at least 3 years of membership.","No, a user with a verified account, 2-year membership, and feedback score of 30 cannot access early sale promotions because the requirement is at least 3 years of membership according to Document 1.",False,False
